ahe_index,museum_index,order,family,subfamily,genus,species,original_genus_species,original_label,spp_tree_label,in_spp_tree,dataset
I5724,49605,Anura,Microhylidae,Asterophryinae,Aphantophryne,pansa,Aphantophryne_pansa,I5724_49605_Anura_Microhylidae_Aphantophryne_pansa_seq1,Aphantophryne_pansa,Yes,Hoskin et al.
I5748,101941,Anura,Microhylidae,Asterophryinae,Asterophrys,turpicola,Asterophrys_turpicola,I5748_101941_Anura_Microhylidae_Asterophrys_turpicola_seq1,Asterophrys_turpicola,Yes,Hoskin et al.
I5713,29463,Anura,Microhylidae,Asterophryinae,Austrochaperina,adelphe,Austrochaperina_adelphe,I5713_29463_Anura_Microhylidae_Austrochaperina_adelphe_seq1,Austrochaperina_adelphe_1,Yes,Hoskin et al.
I5714,30044,Anura,Microhylidae,Asterophryinae,Austrochaperina,adelphe,Austrochaperina_adelphe,I5714_30044_Anura_Microhylidae_Austrochaperina_adelphe_seq1,Austrochaperina_adelphe_2,No,Hoskin et al.
I5761,112500,Anura,Microhylidae,Asterophryinae,Austrochaperina,derongo,Austrochaperina_derongo,I5761_112500_Anura_Microhylidae_Austrochaperina_derongo_seq1,Austrochaperina_derongo,Yes,Hoskin et al.
I20361,51072,Anura,Microhylidae,Asterophryinae,Austrochaperina,fryi,Austrochaperina_fryi,I20361_51072_Anura_Microhylidae_Austrochaperina_fryi_seq1,Austrochaperina_fryi_2,No,Hoskin et al.
I20362,51073,Anura,Microhylidae,Asterophryinae,Austrochaperina,fryi,Austrochaperina_fryi,I20362_51073_Anura_Microhylidae_Austrochaperina_fryi_seq1,Austrochaperina_fryi_3,No,Hoskin et al.
I20374,conx5283,Anura,Microhylidae,Asterophryinae,Austrochaperina,fryi,Austrochaperina_fryi,I20374_conx5283_Anura_Microhylidae_Austrochaperina_fryi_seq1,Austrochaperina_fryi_1,Yes,Hoskin et al.
I5729,79163,Anura,Microhylidae,Asterophryinae,Austrochaperina,gracilipes,Austrochaperina_gracilipes,I5729_79163_Anura_Microhylidae_Austrochaperina_gracilipes_seq1,Austrochaperina_gracilipes_3,No,Hoskin et al.
I5730,79186,Anura,Microhylidae,Asterophryinae,Austrochaperina,gracilipes,Austrochaperina_gracilipes,I5730_79186_Anura_Microhylidae_Austrochaperina_gracilipes_seq1,Austrochaperina_gracilipes_2,Yes,Hoskin et al.
I5802,conx5337,Anura,Microhylidae,Asterophryinae,Austrochaperina,gracilipes,Austrochaperina_gracilipes,I5802_conx5337_Anura_Microhylidae_Austrochaperina_gracilipes_seq1,Austrochaperina_gracilipes_1,No,Hoskin et al.
I20363,141506,Anura,Microhylidae,Asterophryinae,Austrochaperina,guttata,Austrochaperina_guttata,I20363_141506_Anura_Microhylidae_Austrochaperina_guttata_seq1,Austrochaperina_guttata,Yes,Hoskin et al.
I25789,98549,Anura,Microhylidae,Asterophryinae,Austrochaperina,mehelyi,Austrochaperina_mehelyi,I25789_98549_Anura_Microhylidae_Austrochaperina_mehelyi_seq1,Austrochaperina_mehelyi,Yes,Hoskin et al.
I25790,98786,Anura,Microhylidae,Asterophryinae,Austrochaperina,novaebritanniae,Austrochaperina_novaebritanniae,I25790_98786_Anura_Microhylidae_Austrochaperina_novaebritanniae_seq1,Austrochaperina_novaebritanniae,Yes,Hoskin et al.
I25791,98763,Anura,Microhylidae,Asterophryinae,Austrochaperina,palmipes,Austrochaperina_palmipes,I25791_98763_Anura_Microhylidae_Austrochaperina_palmipes_seq1,Austrochaperina_palmipes,Yes,Hoskin et al.
I5781,conx5281,Anura,Microhylidae,Asterophryinae,Austrochaperina,pluvialis,Austrochaperina_pluvialis,I5781_conx5281_Anura_Microhylidae_Austrochaperina_pluvialis_seq1,Austrochaperina_pluvialis,Yes,Hoskin et al.
I25792,46046,Anura,Microhylidae,Asterophryinae,Austrochaperina,rivularis,Austrochaperina_rivularis,I25792_46046_Anura_Microhylidae_Austrochaperina_rivularis_seq1,Austrochaperina_rivularis,Yes,Hoskin et al.
I5770,conx5153,Anura,Microhylidae,Asterophryinae,Austrochaperina,robusta,Austrochaperina_robusta,I5770_conx5153_Anura_Microhylidae_Austrochaperina_robusta_seq1,Austrochaperina_robusta,Yes,Hoskin et al.
I5719,47915,Anura,Microhylidae,Asterophryinae,Barygenys,flavigularis,Barygenys_flavigularis,I5719_47915_Anura_Microhylidae_Barygenys_flavigularis_seq1,Barygenys_flavigularis,Yes,Hoskin et al.
I13338,PT439,Anura,Microhylidae,Asterophryinae,Barygenys,nana,Barygenys_nana,I13338_PT439_Anura_Microhylidae_Barygenys_nana_seq1,Barygenys_nana,Yes,Hime et al.
I5737,98415,Anura,Microhylidae,Asterophryinae,Callulops,doriae,Callulops_doriae,I5737_98415_Anura_Microhylidae_Callulops_doriae_seq1,Callulops_doriae,Yes,Hoskin et al.
I13340,PT440,Anura,Microhylidae,Asterophryinae,Callulops,personatus,Callulops_personatus,I13340_PT440_Anura_Microhylidae_Callulops_personatus_seq1,Callulops_personatus,Yes,Hime et al.
I13341,PT441,Anura,Microhylidae,Asterophryinae,Choerophryne,proboscidea,Choerophryne_proboscidea,I13341_PT441_Anura_Microhylidae_Choerophryne_proboscidea_seq1,Choerophryne_proboscidea_3,Yes,Hime et al.
I20391,112166,Anura,Microhylidae,Asterophryinae,Choerophryne,proboscidea,Choerophryne_proboscidea,I20391_112166_Anura_Microhylidae_Choerophryne_proboscidea_seq1,Choerophryne_proboscidea_1,Yes,Hoskin et al.
I20392,112167,Anura,Microhylidae,Asterophryinae,Choerophryne,proboscidea,Choerophryne_proboscidea,I20392_112167_Anura_Microhylidae_Choerophryne_proboscidea_seq1,Choerophryne_proboscidea_2,No,Hoskin et al.
I20375,conx5271,Anura,Microhylidae,Asterophryinae,Cophixalus,aenigma,Cophixalus_aenigma,I20375_conx5271_Anura_Microhylidae_Cophixalus_aenigma_seq1,Cophixalus_aenigma_3,No,Hoskin et al.
I20376,conx5272,Anura,Microhylidae,Asterophryinae,Cophixalus,aenigma,Cophixalus_aenigma,I20376_conx5272_Anura_Microhylidae_Cophixalus_aenigma_seq1,Cophixalus_aenigma_2,No,Hoskin et al.
I20377,conx5321,Anura,Microhylidae,Asterophryinae,Cophixalus,aenigma,Cophixalus_aenigma,I20377_conx5321_Anura_Microhylidae_Cophixalus_aenigma_seq1,Cophixalus_aenigma_1,Yes,Hoskin et al.
I5785,conx5285,Anura,Microhylidae,Asterophryinae,Cophixalus,australis,Cophixalus_australis,I5785_conx5285_Anura_Microhylidae_Cophixalus_australis_seq1,Cophixalus_australis_5,No,Hoskin et al.
I5790,conx5294,Anura,Microhylidae,Asterophryinae,Cophixalus,australis,Cophixalus_australis,I5790_conx5294_Anura_Microhylidae_Cophixalus_australis_seq1,Cophixalus_australis_1,Yes,Hoskin et al.
I5792,conx5296,Anura,Microhylidae,Asterophryinae,Cophixalus,australis,Cophixalus_australis,I5792_conx5296_Anura_Microhylidae_Cophixalus_australis_seq1,Cophixalus_australis_3,No,Hoskin et al.
I13342,PT448,Anura,Microhylidae,Asterophryinae,Cophixalus,balbus,Cophixalus_balbus,I13342_PT448_Anura_Microhylidae_Cophixalus_balbus_seq1,Cophixalus_balbus,Yes,Hime et al.
I5764,114884,Anura,Microhylidae,Asterophryinae,Cophixalus,balbus,Cophixalus_balbus,I5764_114884_Anura_Microhylidae_Cophixalus_balbus_seq1,Cophixalus_balbus,Yes,Hoskin et al.
I8899,112107,Anura,Microhylidae,Asterophryinae,Cophixalus,bewaniensis,Cophixalus_bewaniensis,I8899_112107_Anura_Microhylidae_Cophixalus_bewaniensis__seq1,Cophixalus_bewaniensis,Yes,Hoskin et al.
I5740,98537,Anura,Microhylidae,Asterophryinae,Cophixalus,biroi,Cophixalus_biroi,I5740_98537_Anura_Microhylidae_Cophixalus_biroi_seq1,Cophixalus_biroi,Yes,Hoskin et al.
I20378,conx5282,Anura,Microhylidae,Asterophryinae,Cophixalus,bombiens,Cophixalus_bombiens,I20378_conx5282_Anura_Microhylidae_Cophixalus_bombiens_seq1,Cophixalus_bombiens_2,No,Hoskin et al.
I5769,conx1304,Anura,Microhylidae,Asterophryinae,Cophixalus,bombiens,Cophixalus_bombiens,I5769_conx1304_Anura_Microhylidae_Cophixalus_bombiens_seq1,Cophixalus_bombiens_1,Yes,Hoskin et al.
I20364,141504,Anura,Microhylidae,Asterophryinae,Cophixalus,cheesmanae,Cophixalus_cheesmanae,I20364_141504_Anura_Microhylidae_Cophixalus_cheesmanae_seq1,Cophixalus_cheesmanae,Yes,Hoskin et al.
I20379,conx5320,Anura,Microhylidae,Asterophryinae,Cophixalus,concinnus,Cophixalus_concinnus,I20379_conx5320_Anura_Microhylidae_Cophixalus_concinnus_seq1,Cophixalus_concinnus,Yes,Hoskin et al.
I5768,conx1112,Anura,Microhylidae,Asterophryinae,Cophixalus,crepitans,Cophixalus_crepitans,I5768_conx1112_Anura_Microhylidae_Cophixalus_crepitans_seq1,Cophixalus_crepitans,Yes,Hoskin et al.
I5735,98401,Anura,Microhylidae,Asterophryinae,Cophixalus,cryptotympanum,Cophixalus_cryptotympanum,I5735_98401_Anura_Microhylidae_Cophixalus_cryptotympanum__seq1,Cophixalus_cryptotympanum_cf1,Yes,Hoskin et al.
I8900,98243,Anura,Microhylidae,Asterophryinae,Cophixalus,cryptotympanum,Cophixalus_cryptotympanum,I8900_98243_Anura_Microhylidae_Cophixalus_cryptotympanum__seq1,Cophixalus_cryptotympanum_cf2,Yes,Hoskin et al.
I5793,conx5297,Anura,Microhylidae,Asterophryinae,Cophixalus,exiguus,Cophixalus_exiguus,I5793_conx5297_Anura_Microhylidae_Cophixalus_exiguus_seq1,Cophixalus_exiguus,Yes,Hoskin et al.
I5788,conx5292,Anura,Microhylidae,Asterophryinae,Cophixalus,hinchinbrookensis,Cophixalus_hinchinbrookensis,I5788_conx5292_Anura_Microhylidae_Cophixalus_hinchinbrookensis_seq1,Cophixalus_hinchinbrookensis,Yes,Hoskin et al.
I20380,conx5266,Anura,Microhylidae,Asterophryinae,Cophixalus,hosmeri,Cophixalus_hosmeri,I20380_conx5266_Anura_Microhylidae_Cophixalus_hosmeri_seq1,Cophixalus_hosmeri_1,No,Hoskin et al.
I20381,conx5270,Anura,Microhylidae,Asterophryinae,Cophixalus,hosmeri,Cophixalus_hosmeri,I20381_conx5270_Anura_Microhylidae_Cophixalus_hosmeri_seq1,Cophixalus_hosmeri_2,No,Hoskin et al.
I5774,conx5267,Anura,Microhylidae,Asterophryinae,Cophixalus,hosmeri,Cophixalus_hosmeri,I5774_conx5267_Anura_Microhylidae_Cophixalus_hosmeri_seq1,Cophixalus_hosmeri_3,Yes,Hoskin et al.
I5775,conx5269,Anura,Microhylidae,Asterophryinae,Cophixalus,hosmeri,Cophixalus_hosmeri,I5775_conx5269_Anura_Microhylidae_Cophixalus_hosmeri_seq1,Cophixalus_hosmeri_4,No,Hoskin et al.
I20382,conx5295,Anura,Microhylidae,Asterophryinae,Cophixalus,infacetus,Cophixalus_infacetus,I20382_conx5295_Anura_Microhylidae_Cophixalus_infacetus_seq1,Cophixalus_infacetus,Yes,Hoskin et al.
I5720,47951,Anura,Microhylidae,Asterophryinae,Cophixalus,kaindiensis,Cophixalus_kaindiensis,I5720_47951_Anura_Microhylidae_Cophixalus_kaindiensis_seq1,Cophixalus_kaindiensis,Yes,Hoskin et al.
I5766,373,Anura,Microhylidae,Asterophryinae,Cophixalus,kulakula,Cophixalus_kulakula,I5766_373_Anura_Microhylidae_Cophixalus_kulakula_seq1,Cophixalus_kulakula_2,No,Hoskin et al.
I5767,374,Anura,Microhylidae,Asterophryinae,Cophixalus,kulakula,Cophixalus_kulakula,I5767_374_Anura_Microhylidae_Cophixalus_kulakula_seq1,Cophixalus_kulakula_3,No,Hoskin et al.
I5804,J88537,Anura,Microhylidae,Asterophryinae,Cophixalus,kulakula,Cophixalus_kulakula,I5804_J88537_Anura_Microhylidae_Cophixalus_kulakula_seq1,Cophixalus_kulakula_1,Yes,Hoskin et al.
I5787,conx5289,Anura,Microhylidae,Asterophryinae,Cophixalus,mcdonaldi,Cophixalus_mcdonaldi,I5787_conx5289_Anura_Microhylidae_Cophixalus_mcdonaldi_seq1,Cophixalus_mcdonaldi,Yes,Hoskin et al.
I25793,98512,Anura,Microhylidae,Asterophryinae,Cophixalus,misimae,Cophixalus_misimae,I25793_98512_Anura_Microhylidae_Cophixalus_misimae_seq1,Cophixalus_misimae,Yes,Hoskin et al.
I20383,conx5273,Anura,Microhylidae,Asterophryinae,Cophixalus,monticola,Cophixalus_monticola,I20383_conx5273_Anura_Microhylidae_Cophixalus_monticola_seq1,Cophixalus_monticola,Yes,Hoskin et al.
I20384,conx5284,Anura,Microhylidae,Asterophryinae,Cophixalus,neglectus,Cophixalus_neglectus,I20384_conx5284_Anura_Microhylidae_Cophixalus_neglectus_seq1,Cophixalus_neglectus_2,Yes,Hoskin et al.
I20385,conx5293,Anura,Microhylidae,Asterophryinae,Cophixalus,neglectus,Cophixalus_neglectus,I20385_conx5293_Anura_Microhylidae_Cophixalus_neglectus_seq1,Cophixalus_neglectus_1,No,Hoskin et al.
I5743,98702,Anura,Microhylidae,Asterophryinae,Cophixalus,notata,Cophixalus_notata,I5743_98702_Anura_Microhylidae_Cophixalus_notata_seq1,Oreophryne_notata_1,No,Hoskin et al.
I20365,111886,Anura,Microhylidae,Asterophryinae,Cophixalus,nubicola,Cophixalus_nubicola,I20365_111886_Anura_Microhylidae_Cophixalus_nubicola_seq1,Cophixalus_nubicola_2,Yes,Hoskin et al.
I20366,111886,Anura,Microhylidae,Asterophryinae,Cophixalus,nubicola,Cophixalus_nubicola,I20366_111886_Anura_Microhylidae_Cophixalus_nubicola_seq1,Cophixalus_nubicola_1,No,Hoskin et al.
I20386,conx5280,Anura,Microhylidae,Asterophryinae,Cophixalus,ornatus,Cophixalus_ornatus,I20386_conx5280_Anura_Microhylidae_Cophixalus_ornatus_seq1,Cophixalus_ornatus_1,Yes,Hoskin et al.
I5727,51222,Anura,Microhylidae,Asterophryinae,Cophixalus,ornatus,Cophixalus_ornatus,I5727_51222_Anura_Microhylidae_Cophixalus_ornatus_seq1,Cophixalus_australis_2,No,Hoskin et al.
I5771,conx5215,Anura,Microhylidae,Asterophryinae,Cophixalus,ornatus,Cophixalus_ornatus,I5771_conx5215_Anura_Microhylidae_Cophixalus_ornatus_seq1,Cophixalus_australis_4,No,Hoskin et al.
I5780,conx5280,Anura,Microhylidae,Asterophryinae,Cophixalus,ornatus,Cophixalus_ornatus,I5780_conx5280_Anura_Microhylidae_Cophixalus_ornatus_seq1,Cophixalus_ornatus_2,No,Hoskin et al.
I5803,J88534,Anura,Microhylidae,Asterophryinae,Cophixalus,pakayakulangun,Cophixalus_pakayakulangun,I5803_J88534_Anura_Microhylidae_Cophixalus_pakayakulangun_seq1,Cophixalus_pakayakulangun,Yes,Hoskin et al.
I5722,49557,Anura,Microhylidae,Asterophryinae,Cophixalus,parkeri,Cophixalus_parkeri,I5722_49557_Anura_Microhylidae_Cophixalus_parkeri_seq1,Cophixalus_parkeri,Yes,Hoskin et al.
I5797,conx5319,Anura,Microhylidae,Asterophryinae,Cophixalus,petrophilus,Cophixalus_petrophilus,I5797_conx5319_Anura_Microhylidae_Cophixalus_sp_Cape_Melville_seq1,Cophixalus_petrophilus_1,Yes,Hoskin et al.
I5801,conx5336,Anura,Microhylidae,Asterophryinae,Cophixalus,petrophilus,Cophixalus_petrophilus,I5801_conx5336_Anura_Microhylidae_Cophixalus_sp_Cape_Melville_seq1,Cophixalus_petrophilus_2,No,Hoskin et al.
I5723,49583,Anura,Microhylidae,Asterophryinae,Cophixalus,riparius,Cophixalus_riparius,I5723_49583_Anura_Microhylidae_Cophixalus_riparius_seq1,Cophixalus_riparius,Yes,Hoskin et al.
I20387,conx5298,Anura,Microhylidae,Asterophryinae,Cophixalus,saxatilis,Cophixalus_saxatilis,I20387_conx5298_Anura_Microhylidae_Cophixalus_saxatilis_seq1,Cophixalus_saxatilis,Yes,Hoskin et al.
I20367,98854,Anura,Microhylidae,Asterophryinae,Cophixalus,shellyi,Cophixalus_shellyi,I20367_98854_Anura_Microhylidae_Cophixalus_shellyi_seq1,Cophixalus_shellyi,Yes,Hoskin et al.
I5736,98403,Anura,Microhylidae,Asterophryinae,Cophixalus,sp,Cophixalus_sp,I5736_98403_Anura_Microhylidae_Cophixalus_sp_cf_balbus_seq1,Cophixalus_sp_3,Yes,Hoskin et al.
I5718,47881,Anura,Microhylidae,Asterophryinae,Cophixalus,sphagnicola,Cophixalus_sphagnicola,I5718_47881_Anura_Microhylidae_Cophixalus_sphagnicola_seq1,Cophixalus_sphagnicola,Yes,Hoskin et al.
I5725,49623,Anura,Microhylidae,Asterophryinae,Cophixalus,variegatus,Cophixalus_variegatus,I5725_49623_Anura_Microhylidae_Cophixalus_variegatus_seq1,Cophixalus_variegatus,Yes,Hoskin et al.
I20388,conx5316,Anura,Microhylidae,Asterophryinae,Cophixalus,zweifeli,Cophixalus_zweifeli,I20388_conx5316_Anura_Microhylidae_Cophixalus_zweifeli_seq1,Cophixalus_zweifeli_1,Yes,Hoskin et al.
I20389,conx5317,Anura,Microhylidae,Asterophryinae,Cophixalus,zweifeli,Cophixalus_zweifeli,I20389_conx5317_Anura_Microhylidae_Cophixalus_zweifeli_seq1,Cophixalus_zweifeli_2,No,Hoskin et al.
I13343,PT428,Anura,Microhylidae,Asterophryinae,Copiula,oxyrhina,Copiula_oxyrhina,I13343_PT428_Anura_Microhylidae_Copiula_oxyrhina_seq1,Copiula_oxyrhina_2,Yes,Hime et al.
I5738,98451,Anura,Microhylidae,Asterophryinae,Copiula,oxyrhina,Copiula_oxyrhina,I5738_98451_Anura_Microhylidae_Copiula_oxyrhina_seq1,Copiula_oxyrhina,Yes,Hoskin et al.
I5762,114698,Anura,Microhylidae,Asterophryinae,Copiula,pipilans,Copiula_pipilans,I5762_114698_Anura_Microhylidae_Copiula_pipilans_seq1,Copiula_pipilans,Yes,Hoskin et al.
I13348,PT424,Anura,Microhylidae,Asterophryinae,Hylophorbus,rainerguntheri,Hylophorbus_rainerguntheri,I13348_PT424_Anura_Microhylidae_Hylophorbus_rainerguntheri_seq1,Hylophorbus_rainerguntheri_2,Yes,Hime et al.
I5733,98304,Anura,Microhylidae,Asterophryinae,Hylophorbus,rainerguntheri,Hylophorbus_rainerguntheri,I5733_98304_Anura_Microhylidae_Hylophorbus_rainerguntheri_seq1,Hylophorbus_rainerguntheri,Yes,Hoskin et al.
I5741,98539,Anura,Microhylidae,Asterophryinae,Mantophryne,infulata,Mantophryne_infulata,I5741_98539_Anura_Microhylidae_Mantophryne_infulata_seq1,Mantophryne_infulata,Yes,Hoskin et al.
I20371,126563,Anura,Microhylidae,Asterophryinae,Oreophryne,anamiatoi,Oreophryne_anamiatoi,I20371_126563_Anura_Microhylidae_Oreophryne_anamiatoi_seq1,Oreophryne_anamiatoi,Yes,Hoskin et al.
I5754,109596,Anura,Microhylidae,Asterophryinae,Oreophryne,biroi,Oreophryne_biroi,I5754_109596_Anura_Microhylidae_Oreophryne_biroi_seq1,Oreophryne_biroi,Yes,Hoskin et al.
I10393,ABTC50092,Anura,Microhylidae,Asterophryinae,Oreophryne,brachypus,Oreophryne_brachypus,I10393_ABTC50092_Anura_Microhylidae_Oreophryne_brachypus_seq1,Oreophryne_brachypus_2,Yes,Hime et al.
I5750,104804,Anura,Microhylidae,Asterophryinae,Oreophryne,brachypus,Oreophryne_brachypus,I5750_104804_Anura_Microhylidae_Oreophryne_brachypus_seq1,Oreophryne_brachypus,Yes,Hoskin et al.
I25796,112082,Anura,Microhylidae,Asterophryinae,Oreophryne,hypsiops,Oreophryne_hypsiops,I25796_112082_Anura_Microhylidae_Oreophryne_hypsiops_seq1,Oreophryne_hypsiops,Yes,Hoskin et al.
I20372,126560,Anura,Microhylidae,Asterophryinae,Oreophryne,notata,Oreophryne_notata,I20372_126560_Anura_Microhylidae_Oreophryne_notata_seq1,Oreophryne_notata_2,Yes,Hoskin et al.
I20373,138748,Anura,Microhylidae,Asterophryinae,Sphenophryne,cornuta,Sphenophryne_cornuta,I20373_138748_Anura_Microhylidae_Sphenophryne_cornuta_seq1,Sphenophryne_cornuta,Yes,Hoskin et al.
I5763,114872,Anura,Microhylidae,Asterophryinae,Xenorhina,arboricola,Xenorhina_arboricola,I5763_114872_Anura_Microhylidae_Xenorhina_arboricola_seq1,Xenorhina_arboricola,Yes,Hoskin et al.
I10391,ROM44169,Anura,Microhylidae,,Adelastes,hylonomos,Adelastes_hylonomos,I10391_ROM44169_Anura_Microhylidae_Adelastes_hylonomos_seq1,Adelastes_hylonomos,Yes,Hime et al.
I13334,PT425,Anura,Microhylidae,,Albericus,exclamitans,Albericus_exclamitans,I13334_PT425_Anura_Microhylidae_Albericus_exclamitans_seq1,Choerophryne_exclamitans_2,Yes,Hime et al.
I5734,98306,Anura,Microhylidae,,Albericus,exclamitans,Albericus_exclamitans,I5734_98306_Anura_Microhylidae_Albericus_exclamitans_seq1,Albericus_exclamitans,Yes,Hoskin et al.
I13335,PT321,Anura,Microhylidae,,Altigius,alios,Altigius_alios,I13335_PT321_Anura_Microhylidae_Altigius_alios_seq1,Altigius_alios,Yes,Hime et al.
I13336,PT359,Anura,Microhylidae,,Anodonthyla,nigrigularis,Anodonthyla_nigrigularis,I13336_PT359_Anura_Microhylidae_Anodonthyla_nigrigularis_seq1,Anodonthyla_nigrigularis,Yes,Hime et al.
I13337,PT281,Anura,Microhylidae,,Arcovomer,sp,Arcovomer_sp,I13337_PT281_Anura_Microhylidae_Arcovomer_sp_seq1,Arcovomer_sp,Yes,Hime et al.
I4419,CAS236077,Anura,Microhylidae,,Calluella,guttulata,Calluella_guttulata,I4419_CAS236077_Anura_Microhylidae_Calluella_guttulata_seq1,Calluella_guttulata,Yes,Hime et al.
I13339,PT164,Anura,Microhylidae,,Calluella,yunnanensis,Calluella_yunnanensis,I13339_PT164_Anura_Microhylidae_Calluella_yunnanensis_seq1,Calluella_yunnanensis,Yes,Hime et al.
I10392,FMNH231112,Anura,Microhylidae,,Chaperina,fusca,Chaperina_fusca,I10392_FMNH231112_Anura_Microhylidae_Chaperina_fusca_seq1,Chaperina_fusca,Yes,Hime et al.
I8562,LSUMNS17434,Anura,Microhylidae,,Ctenophryne,geayi,Ctenophryne_geayi,I8562_LSUMNS17434_Anura_Microhylidae_Ctenophryne_geayi_seq1,Ctenophryne_geayi,Yes,Hime et al.
I13344,PT332,Anura,Microhylidae,,Dasypops,schirchi,Dasypops_schirchi,I13344_PT332_Anura_Microhylidae_Dasypops_schirchi_seq1,Dasypops_schirchi,Yes,Hime et al.
I4435,AMCC125588,Anura,Microhylidae,,Dermatonotus,muelleri,Dermatonotus_muelleri,I4435_AMCC125588_Anura_Microhylidae_Dermatonotus_muelleri_seq1,Dermatonotus_muelleri,Yes,Hime et al.
I6463,MVZ238744,Anura,Microhylidae,,Dyscophus,guineti,Dyscophus_guineti,I6463_MVZ238744_Anura_Microhylidae_Dyscophus_guineti_seq1,Dyscophus_guineti,Yes,Hime et al.
I13345,PT059,Anura,Microhylidae,,Elachistocleis,helianneae,Elachistocleis_helianneae,I13345_PT059_Anura_Microhylidae_Elachistocleis_helianneae_seq1,Elachistocleis_helianneae,Yes,Hime et al.
I13523,REFGasCar,Anura,Microhylidae,,Gastrophryne,carolinensis,Gastrophryne_carolinensis,I13523_REFGasCar_Anura_Microhylidae_Gastrophryne_carolinensis_seq1,Gastrophryne_carolinensis,Yes,Hime et al.
I13346,PT452,Anura,Microhylidae,,Genyophryne,thomsoni,Genyophryne_thomsoni,I13346_PT452_Anura_Microhylidae_Genyophryne_thomsoni_seq1,Genyophryne_thomsoni_2,Yes,Hime et al.
I20368,112117,Anura,Microhylidae,,Genyophryne,thomsoni,Genyophryne_thomsoni,I20368_112117_Anura_Microhylidae_Genyophryne_thomsoni_seq1,Genyophryne_thomsoni,Yes,Hoskin et al.
I6451,CAS234799,Anura,Microhylidae,,Glyphoglossus,molossus,Glyphoglossus_molossus,I6451_CAS234799_Anura_Microhylidae_Glyphoglossus_molossus_seq1,Glyphoglossus_molossus,Yes,Hime et al.
I13347,PT043,Anura,Microhylidae,,Hamptophryne,boliviana,Hamptophryne_boliviana,I13347_PT043_Anura_Microhylidae_Hamptophryne_boliviana_seq1,Hamptophryne_boliviana,Yes,Hime et al.
I13349,PT284,Anura,Microhylidae,,Hyophryne,histrio,Hyophryne_histrio,I13349_PT284_Anura_Microhylidae_Hyophryne_histrio_seq1,Hyophryne_histrio,Yes,Hime et al.
I5752,105933,Anura,Microhylidae,,Kalophrynus,interlineatus,Kalophrynus_interlineatus,I5752_105933_Anura_Microhylidae_Kalophrynus_interlineatus_seq1,Kalophrynus_interlineatus,Yes,Hoskin et al.
I13350,PT168,Anura,Microhylidae,,Kalophrynus,interlineatus1,Kalophrynus_interlineatus1,I13350_PT168_Anura_Microhylidae_Kalophrynus_interlineatus1_seq1,Kalophrynus_interlineatus_2,Yes,Hime et al.
I8566,CAS247917,Anura,Microhylidae,,Kalophrynus,pleurostigma,Kalophrynus_pleurostigma,I8566_CAS247917_Anura_Microhylidae_Kalophrynus_pleurostigma_seq1,Kalophrynus_pleurostigma,Yes,Hime et al.
I25794,76311,Anura,Microhylidae,,Kaloula,picta,Kaloula_picta,I25794_76311_Anura_Microhylidae_Kaloula_picta_seq1,Kaloula_picta,Yes,Hoskin et al.
I4440,YPM013065,Anura,Microhylidae,,Kaloula,pulchra,Kaloula_pulchra,I4440_YPM013065_Anura_Microhylidae_Kaloula_pulchra_seq1,Kaloula_pulchra,Yes,Hime et al.
I20369,49542,Anura,Microhylidae,,Liophryne,rhododactyla,Liophryne_rhododactyla,I20369_49542_Anura_Microhylidae_Liophryne_rhododactyla_seq1,Liophryne_rhododactyla,Yes,Hoskin et al.
I13351,PT507,Anura,Microhylidae,,Metamagnusia,slateri,Metamagnusia_slateri,I13351_PT507_Anura_Microhylidae_Metamagnusia_slateri_seq1,Metamagnusia_slateri_2,Yes,Hime et al.
I5807,SJR14304,Anura,Microhylidae,,Metamagnusia,slateri,Metamagnusia_slateri,I5807_SJR14304_Anura_Microhylidae_Metamagnusia_slateri_seq1,Metamagnusia_slateri,Yes,Hoskin et al.
I13352,PT236,Anura,Microhylidae,,Metaphrynella,sundana,Metaphrynella_sundana,I13352_PT236_Anura_Microhylidae_Metaphrynella_sundana_seq1,Metaphrynella_sundana,Yes,Hime et al.
I20370,48074,Anura,Microhylidae,,Microhyla,achatina,Microhyla_achatina,I20370_48074_Anura_Microhylidae_Microhyla_achatina_seq1,Microhyla_achatina,Yes,Hoskin et al.
I25795,106005,Anura,Microhylidae,,Microhyla,berdmorei,Microhyla_berdmorei,I25795_106005_Anura_Microhylidae_Microhyla_berdmorei_seq1,Microhyla_berdmorei,Yes,Hoskin et al.
I6454,CAS233947,Anura,Microhylidae,,Microhyla,ornata,Microhyla_ornata,I6454_CAS233947_Anura_Microhylidae_Microhyla_ornata_seq1,Microhyla_ornata,Yes,Hime et al.
I5751,105886,Anura,Microhylidae,,Micryletta,inornata,Micryletta_inornata,I5751_105886_Anura_Microhylidae_Micryletta_inornata_seq1,Micryletta_inornata,Yes,Hoskin et al.
I6455,CAS247906,Anura,Microhylidae,,Micryletta,inornata,Micryletta_inornata,I6455_CAS247906_Anura_Microhylidae_Micryletta_inornata_seq1,Micryletta_inornata_2,Yes,Hime et al.
I13353,PT340,Anura,Microhylidae,,Myersiella,sp,Myersiella_sp,I13353_PT340_Anura_Microhylidae_Myersiella_sp_seq1,Myersiella_sp,Yes,Hime et al.
I13354,PT459,Anura,Microhylidae,,Otophryne,robusta,Otophryne_robusta,I13354_PT459_Anura_Microhylidae_Otophryne_robusta_seq1,Otophryne_robusta,Yes,Hime et al.
I13355,PT455,Anura,Microhylidae,,Oxydactyla,alpestris,Oxydactyla_alpestris,I13355_PT455_Anura_Microhylidae_Oxydactyla_alpestris_seq1,Oxydactyla_alpestris_2,Yes,Hime et al.
I5765,112409,Anura,Microhylidae,,Oxydactyla,alpestris,Oxydactyla_alpestris,I5765_112409_Anura_Microhylidae_Oxydactyla_alpestris_seq1,Oxydactyla_alpestris,Yes,Hoskin et al.
I7739,R1330,Anura,Microhylidae,,Phrynomantis,annectens,Phrynomantis_annectens,I7739_R1330_Anura_Microhylidae_Phrynomantis_annectens_seq1,Phrynomantis_annectens,Yes,Hime et al.
I13356,PT287,Anura,Microhylidae,,Phrynomantis,bifasciatus,Phrynomantis_bifasciatus,I13356_PT287_Anura_Microhylidae_Phrynomantis_bifasciatus_seq1,Phrynomantis_bifasciatus,Yes,Hime et al.
I6436,AMCC103335,Anura,Microhylidae,,Platypelis,occultans,Platypelis_occultans,I6436_AMCC103335_Anura_Microhylidae_Platypelis_occultans_seq1,Platypelis_occultans,Yes,Hime et al.
I6435,AMCC128714,Anura,Microhylidae,,Plethodontohyla,notosticta,Plethodontohyla_notosticta,I6435_AMCC128714_Anura_Microhylidae_Plethodontohyla_notosticta_seq1,Plethodontohyla_notosticta,Yes,Hime et al.
I5732,90315,Anura,Microhylidae,,Pseudocallulops,sp,Pseudocallulops_sp,I5732_90315_Anura_Microhylidae_Pseudocallulops_sp_nov_1_seq1,Pseudocallulops_sp_1,Yes,Hoskin et al.
I7740,R1208,Anura,Microhylidae,,Ramanella,variegata,Ramanella_variegata,I7740_R1208_Anura_Microhylidae_Ramanella_variegata_cf_seq1,Ramanella_variegata,Yes,Hime et al.
I13357,PT312,Anura,Microhylidae,,Scaphiophryne,brevis,Scaphiophryne_brevis,I13357_PT312_Anura_Microhylidae_Scaphiophryne_brevis_seq1,Scaphiophryne_brevis,Yes,Hime et al.
I13358,PT273,Anura,Microhylidae,,Stereocyclops,incrassatus,Stereocyclops_incrassatus,I13358_PT273_Anura_Microhylidae_Stereocyclops_incrassatus_seq1,Stereocyclops_incrassatus,Yes,Hime et al.
I6430,AMCC103414,Anura,Microhylidae,,Stumpffia,grandis,Stumpffia_grandis,I6430_AMCC103414_Anura_Microhylidae_Stumpffia_grandis_seq1,Stumpffia_grandis,Yes,Hime et al.
I13359,PT265,Anura,Microhylidae,,Stumpffia,roseifemoralis,Stumpffia_roseifemoralis,I13359_PT265_Anura_Microhylidae_Stumpffia_roseifemoralis_seq1,Stumpffia_roseifemoralis,Yes,Hime et al.
I13360,PT271,Anura,Microhylidae,,Synapturanus,salseri2,Synapturanus_salseri2,I13360_PT271_Anura_Microhylidae_Synapturanus_salseri2_seq1,Synapturanus_salseri,Yes,Hime et al.
I13361,PT198,Anura,Microhylidae,,Syncope,carvalhoi,Syncope_carvalhoi,I13361_PT198_Anura_Microhylidae_Syncope_carvalhoi_seq1,Syncope_carvalhoi,Yes,Hime et al.
I13362,PT454,Anura,Microhylidae,,Xenobatrachus,fuscigula,Xenobatrachus_fuscigula,I13362_PT454_Anura_Microhylidae_Xenobatrachus_fuscigula_seq1,Xenorhina_fuscigula,Yes,Hime et al.